relpath	parent_path	base_key	index	new_key	new_value	new_comment
messages.yml		placeholders		symboleZastepcze		
messages.yml		alreadyTeleporting		juzTeleportowany		
messages.yml		teleportDeniedReloading		teleportOdmowaPrzeladowanie		
messages.yml		delayMessage		wiadomoscOpoznienia		
messages.yml		chunkLoading		ladowanieChunkow		
messages.yml		teleportMessage		wiadomoscTeleportu		
messages.yml		teleportCancel		teleportAnulowano		
messages.yml		unsafe		niebezpieczny		
messages.yml		cooldownMessage		wiadomoscOdnowienia		
messages.yml		noLocationsQueued		brakLokalizacjiWKolejce		
messages.yml		queueUpdate		aktualizacjaKolejki		
messages.yml		notEnoughMoney		zaMaloPieniedzy		
messages.yml		days		dni		
messages.yml		hours		godziny		
messages.yml		minutes		minuty		
messages.yml		seconds		sekundy		
messages.yml		millis		millis		
messages.yml		oldFile		staryPlik		
messages.yml		newWorld		nowySwiat		
messages.yml		invalidWorld		nieprawidlowySwiat		
messages.yml		reloading		przeladowywanie		
messages.yml		reloaded		przeladowano		
messages.yml		updating		aktualizowanie		
messages.yml		updated		zaktualizowano		
messages.yml		badArg		nieprawidlowyArgument		
messages.yml		consoleCmdNotAllowed		komendaKonsoliNiedozwolona		
messages.yml		busy		zajety		
messages.yml		invalidCommand		nieprawidlowaKomenda		
messages.yml		noPerms		brakUprawnien		
messages.yml		locationSaved		lokalizacjaZapisana		
messages.yml		locationLoaded		lokalizacjaZaladowana		
messages.yml		scanStart		scanStart		
messages.yml		scanReset		skanReset		
messages.yml		scanCancel		skanAnuluj		
messages.yml		scanPause		scanPause		
messages.yml		scanResume		skanWznow		
messages.yml		scanRunning		skanDziala		
messages.yml		scanNotRunning		skanNieDziala		
messages.yml		scanStatus		scanStatus		
messages.yml		infoTitle		infoTytul		
messages.yml		infoTickets		infoTickets		
messages.yml		infoTeleports		infoTeleports		
messages.yml		infoMSPT		infoMSPT		
messages.yml		infoTotalLoads		infoLadowaniaRazem		
messages.yml		infoLoadsByOrigin		infoLadowaniaWgZrodla		
messages.yml		infoLeakRate		infoWspolczynnikWycieku		
messages.yml		infoQueueDepth		infoGlebokoscKolejki		
messages.yml		infoPendingTeleports		infoOczekujaceTeleporty		
messages.yml		infoAvgPipelineMs		infoSredniaPipelineMs		
messages.yml		infoHeap		infoHeap		
messages.yml		infoHealthPipelineHeader		infoKondycjaPipelineNaglowek		
messages.yml		infoTps		infoTps		
messages.yml		infoMSPTLive		infoMSPTLive		
messages.yml		infoSoftCap		infoMiekkiLimit		
messages.yml		infoDatabaseLatencyMs		infoOpoznienieBazyMs		
messages.yml		infoThresholdTpsGreen		infoProgTpsZielony		
messages.yml		infoThresholdTpsYellow		infoProgTpsZolty		
messages.yml		infoThresholdMsptGreen		infoProgMsptZielony		
messages.yml		infoThresholdMsptYellow		infoProgMsptZolty		
messages.yml		infoThresholdCacheFillGreen		infoProgWypelnienieCacheZielony		
messages.yml		infoThresholdCacheFillYellow		infoProgWypelnienieCacheZolty		
messages.yml		infoThresholdNetworkAgeYellow		infoProgWiekSieciZolty		
messages.yml		infoFoliaRegionsHeader		infoFoliaRegionyNaglowek		
messages.yml		infoFoliaRegion		infoFoliaRegion		
messages.yml		infoDisclaimerHeader		infoZastrzezenieNaglowek		
messages.yml		infoDisclaimer		infoZastrzezenie		
messages.yml		infoWorldHeader		infoSwiatNaglowek		
messages.yml		infoConsoleWorldHeader		infoKonsolaSwiatNaglowek		
messages.yml		infoWorld		infoSwiat		
messages.yml		infoRegionHeader		infoRegionNaglowek		
messages.yml		infoConsoleRegionHeader		infoKonsolaRegionNaglowek		
messages.yml		infoRegion		infoRegion		
messages.yml		worldInfo		swiatInfo		
messages.yml		regionInfo		regionInfo		
messages.yml		rtp		rtp		
messages.yml		rtp_description		rtpOpis		
messages.yml		help		pomoc		
messages.yml		help_description		pomocOpis		
messages.yml		reload		przeladuj		
messages.yml		reload_description		przeladujOpis		
messages.yml		scan		scan		
messages.yml		scan_description		skanOpis		
messages.yml		config_description		konfigOpis		
messages.yml		info_description		infoOpis		
messages.yml		test_description		testOpis		
messages.yml		menuInvalid		menuNieprawidlowe		
messages.yml		menuUnknownPlayer		menuNieznanyGracz		
messages.yml		menuHoverFallbackType		menuHoverTypZastepczy		
messages.yml		menuHoverFallbackBounds		menuHoverGraniceZastepcze		
messages.yml		menuBack		menuWstecz		
messages.yml		menuExecute		menuWykonaj		
messages.yml		menuPickValue		menuWybierzWartosc		
messages.yml		menuTypeValue		menuWpiszWartosc		
messages.yml		menuConstructed		menuZbudowane		
messages.yml		menuRootTitle		menuGlownyTytul		
messages.yml		menuRootHint		menuGlownaWskazowka		
messages.yml		menuPagePrev		menuStronaPoprzednia		
messages.yml		menuPageNext		menuStronaNastepna		
messages.yml		menuFrontPageSectionTeleport		menuStronaGlownaSekcjaTeleport		
messages.yml		menuFrontPageRowTeleport		menuStronaGlownaWierszTeleport		
messages.yml		menuFrontPageRowRegion		menuStronaGlownaWierszRegion		
messages.yml		menuFrontPageRowBiome		menuStronaGlownaWierszBiom		
messages.yml		menuFrontPageRowHelp		menuStronaGlownaWierszPomoc		
messages.yml		menuFrontPageRowAdmin		menuStronaGlownaWierszAdmin		
messages.yml		menuFrontPageHoverAdmin		menuStronaGlownaHoverAdmin		
messages.yml		menuAdminPanelTitle		menuPanelAdminaTytul		
messages.yml		menuAdminPanelHint		menuPanelAdminaWskazowka		
messages.yml		menuAdminPanelSectionConfig		menuPanelAdminaSekcjaKonfig		
messages.yml		menuAdminPanelSectionDiagnostics		menuPanelAdminaSekcjaDiagnostyka		
messages.yml		menuAdminPanelSectionLifecycle		menuPanelAdminaSekcjaCyklZycia		
messages.yml		menuAdminPanelSectionBrowse		menuPanelAdminaSekcjaPrzegladaj		
messages.yml		menuAdminPanelRowConfig		menuPanelAdminaWierszKonfig		
messages.yml		menuAdminPanelHoverConfig		menuPanelAdminaHoverKonfig		
messages.yml		menuAdminPanelRowRegions		menuPanelAdminaWierszRegiony		
messages.yml		menuAdminPanelHoverRegions		menuPanelAdminaHoverRegiony		
messages.yml		menuAdminPanelRowWorlds		menuPanelAdminaWierszSwiaty		
messages.yml		menuAdminPanelHoverWorlds		menuPanelAdminaHoverSwiaty		
messages.yml		menuAdminPanelRowEffects		menuPanelAdminaWierszEfekty		
messages.yml		menuAdminPanelHoverEffects		menuPanelAdminaHoverEfekty		
messages.yml		menuAdminPanelRowInfo		menuPanelAdminaWierszInfo		
messages.yml		menuAdminPanelHoverInfo		menuPanelAdminaHoverInfo		
messages.yml		menuAdminPanelRowDiagnostics		menuPanelAdminaWierszDiagnostyka		
messages.yml		menuAdminPanelHoverDiagnostics		menuPanelAdminaHoverDiagnostyka		
messages.yml		menuAdminPanelRowMemory		menuPanelAdminaWierszPamiec		
messages.yml		menuAdminPanelHoverMemory		menuPanelAdminaHoverPamiec		
messages.yml		menuAdminPanelRowScan		menuPanelAdminaWierszSkan		
messages.yml		menuAdminPanelHoverScan		menuPanelAdminaHoverSkan		
messages.yml		menuAdminPanelRowReload		menuPanelAdminaWierszPrzeladuj		
messages.yml		menuAdminPanelHoverReload		menuPanelAdminaHoverPrzeladuj		
messages.yml		menuAdminPanelRowBrowse		menuPanelAdminaWierszPrzegladaj		
messages.yml		menuAdminPanelHoverBrowse		menuPanelAdminaHoverPrzegladaj		
messages.yml		menuAdminPanelRowBack		menuPanelAdminaWierszWstecz		
messages.yml		menuAdminPanelRowVisualizations		menuPanelAdminaWierszWizualizacje		
messages.yml		menuAdminPanelHoverVisualizations		menuPanelAdminaHoverWizualizacje		
messages.yml		menuAdminPanelSectionVisualizations		menuPanelAdminaSekcjaWizualizacje		
messages.yml		menuVisualizationsTitle		menuWizualizacjeTytul		
messages.yml		menuVisualizationsHint		menuWizualizacjeWskazowka		
messages.yml		menuVisualizationsRowRegion		menuWizualizacjeWierszRegion		
messages.yml		menuVisualizationsHoverRegion		menuWizualizacjeHoverRegion		
messages.yml		menuVisualizationsEmpty		menuWizualizacjePuste		
messages.yml		menuVisualizationsRowBack		menuWizualizacjeWierszWstecz		
messages.yml		menuAdminPanelSectionSetup		menuPanelAdminaSekcjaKonfiguracja		
messages.yml		menuPrefabSurvivalDefaultRow		menuPrefabSurvivalDomyslnyWiersz		
messages.yml		menuPrefabSurvivalDefaultHover		menuPrefabSurvivalDomyslnyHover		
messages.yml		menuPrefabLowPerformanceRow		menuPrefabNiskaWydajnoscWiersz		
messages.yml		menuPrefabLowPerformanceHover		menuPrefabNiskaWydajnoscHover		
messages.yml		menuPrefabHighPerformanceRow		menuPrefabWysokaWydajnoscWiersz		
messages.yml		menuPrefabHighPerformanceHover		menuPrefabWysokaWydajnoscHover		
messages.yml		menuPrefabFoliaTunedRow		menuPrefabFoliaDostrojonyWiersz		
messages.yml		menuPrefabFoliaTunedHover		menuPrefabFoliaDostrojonyHover		
messages.yml		menuPrefabMultiWorldRow		menuPrefabWieleSwiatowWiersz		
messages.yml		menuPrefabMultiWorldHover		menuPrefabWieleSwiatowHover		
messages.yml		menuPrefabConfirmTitle		menuPrefabPotwierdzTytul		
messages.yml		menuPrefabConfirmHint		menuPrefabPotwierdzWskazowka		
messages.yml		menuPrefabConfirmRow		menuPrefabPotwierdzWiersz		
messages.yml		menuPrefabCancelRow		menuPrefabAnulujWiersz		
messages.yml		infoBookRefreshRow		infoKsiazkaOdswiezWiersz		
messages.yml		infoBookRefreshHover		infoKsiazkaOdswiezHover		
messages.yml		infoBookSwitchToTextRow		infoKsiazkaPrzelaczNaCzatWiersz		
messages.yml		infoBookSwitchToTextHover		infoKsiazkaPrzelaczNaCzatHover		
messages.yml		infoBookOverflowFooter		infoKsiazkaPrzepelnienieStopka		
messages.yml		infoBookAutoRefreshDeferredNote		infoKsiazkaAutoOdswiezNotatka		
messages.yml		configSelectorTitle		konfigSelektorTytul		
messages.yml		configSelectorBackRow		konfigSelektorWsteczWiersz		
messages.yml		configFileTitle		konfigPlikTytul		
messages.yml		configFileBackRow		konfigPlikWsteczWiersz		
messages.yml		configFileEmptyHint		konfigPlikPustyWskazowka		
messages.yml		configKeyRowFormat		konfigKluczWierszFormat		
messages.yml		configKeyHoverFormat		konfigKluczHoverFormat		
messages.yml		configTypePickerTitle		konfigTypWyborTytul		
messages.yml		configSubParamPageTitle		konfigPodparametrStronaTytul		
messages.yml		configViewRawHint		konfigPodgladSurowyWskazowka		
messages.yml		configValueUnsetPlaceholder		konfigWartoscNieustawionaSymbol		
messages.yml		configPendingHeader		konfigOczekujaceNaglowek		
messages.yml		configPendingRowFormat		konfigOczekujaceWierszFormat		
messages.yml		configPendingRowHover		konfigOczekujaceWierszHover		
messages.yml		configApplyRow		konfigZastosujWiersz		
messages.yml		configDiscardRow		konfigOdrzucWiersz		
messages.yml		mapBindingMissing		mapaPowiazanieBrak		
messages.yml		mapResolverMissing		mapaResolverBrak		
messages.yml		mapUnavailable		mapaNiedostepna		
messages.yml		mapBusy		mapaZajeta		
messages.yml		menuInfoBadPointsLabel		menuInfoZlePunktyEtykieta		
messages.yml		networkQueued		siecWKolejce		
messages.yml		alreadyQueued		juzWKolejce		
messages.yml		networkTimedOut		siecPrzekroczonoCzas		
messages.yml		waitlistFull		listaOczekujacychPelna		
messages.yml		networkRouting		siecKierowanie		
messages.yml		networkReserved		siecZarezerwowano		
messages.yml		networkTransferring		siecPrzenoszenie		
messages.yml		networkFallback		siecAwaryjny		
messages.yml		networkFailed		siecNieudane		
messages.yml		networkRegionUnavailable		siecRegionNiedostepny		
messages.yml		networkRegionAmbiguous		siecRegionNiejednoznaczny		
messages.yml		multiconfigHeaderDefault		multikonfigNaglowekDomyslny		
messages.yml		multiconfigHeaderRegions		multikonfigNaglowekRegiony		
messages.yml		multiconfigHeaderWorlds		multikonfigNaglowekSwiaty		
messages.yml		multiconfigToggleRemoveModeOff		multikonfigTrybUsuwaniaWyl		
messages.yml		multiconfigToggleRemoveModeOn		multikonfigTrybUsuwaniaWl		
messages.yml		multiconfigRowAdd		multikonfigWierszDodaj		
messages.yml		multiconfigRowAddHover		multikonfigWierszDodajHover		
messages.yml		multiconfigRowEditHover		multikonfigWierszEdytujHover		
messages.yml		multiconfigRowRemoveHover		multikonfigWierszUsunHover		
messages.yml		multiconfigConfirmTitle		multikonfigPotwierdzTytul		
messages.yml		multiconfigConfirmYes		multikonfigPotwierdzTak		
messages.yml		multiconfigConfirmNo		multikonfigPotwierdzNie		
messages.yml		multiconfigLockRegionDefault		multikonfigBlokadaRegionDomyslny		
messages.yml		multiconfigLockWorldLoaded		multikonfigBlokadaSwiatZaladowany		
messages.yml		multiconfigResultAdded		multikonfigWynikDodano		
messages.yml		multiconfigResultRemoved		multikonfigWynikUsunieto		
messages.yml		multiconfigResultAddFailed		multikonfigWynikDodanieNieudane		
messages.yml		multiconfigResultRemoveFailed		multikonfigWynikUsuniecieNieudane		
messages.yml		multiconfigResultNameInvalid		multikonfigWynikNazwaNieprawidlowa		
messages.yml		multiconfigResultNameTaken		multikonfigWynikNazwaZajeta		
messages.yml		PLAYER_AVAILABLE		GRACZ_DOSTEPNY		
messages.yml		PLAYER_COOLDOWN		GRACZ_ODNOWIENIE		
messages.yml		PLAYER_SETUP		GRACZ_KONFIGURACJA		
messages.yml		PLAYER_LOADING		GRACZ_LADOWANIE		
messages.yml		PLAYER_TELEPORTING		GRACZ_TELEPORTACJA		
messages.yml		title		tytul		
messages.yml		subtitle		podtytul		
messages.yml		fadeIn		pojawienie		
messages.yml		stay		pozostanie		
messages.yml		fadeOut		zanik		
messages.yml		actionbar		pasekAkcji		
messages.yml		version		version		
messages.yml		showDevTag		pokazTagDev		
